-- Generated Data Migration SQL

-- Data for users
INSERT INTO "users" ("id", "phone", "email", "name", "password_hash", "role", "is_active", "created_at", "updated_at") VALUES ('ee923afb-8828-44b1-a192-fb498115ef85', '9876543210', 'admin@freshmed.in', 'FreshMed Admin', '$2a$10$B9nAotT9z0OMFAGe6ccAreaHjLbfKXGwK8wfB.M2gPt5gwlT.r2hO', 'admin', 1, '2026-06-14T11:44:10.854Z', '2026-06-14T11:44:10.854Z');
INSERT INTO "users" ("id", "phone", "email", "name", "password_hash", "role", "is_active", "created_at", "updated_at") VALUES ('fdfb0273-9dab-4104-bc27-e30cc5181c5e', '9999999999', 'customer@gmail.com', 'Thor', '$2a$10$B9nAotT9z0OMFAGe6ccAreaHjLbfKXGwK8wfB.M2gPt5gwlT.r2hO', 'customer', 1, '2026-06-14T11:44:10.865Z', '2026-06-14T11:44:10.865Z');
INSERT INTO "users" ("id", "phone", "email", "name", "password_hash", "role", "is_active", "created_at", "updated_at") VALUES ('3e7e3839-4fc1-43d8-9fc0-68f958dfed11', '+919999999999', 'user_1781437509199@tnmarket.in', 'Tamil Nadu Customer', '$2a$10$mhLFo2FEs169eWsW6oGwperPZfTLpR29j3JzofOmzJw03egiXKynm', 'customer', 1, '2026-06-14T11:45:09.346Z', '2026-06-14T11:45:09.346Z');
INSERT INTO "users" ("id", "phone", "email", "name", "password_hash", "role", "is_active", "created_at", "updated_at") VALUES ('ecc1fa36-ffb5-48c9-9cd4-817fa623fe12', '+919566993875', 'user_1781450873896@tnmarket.in', 'Tamil Nadu Customer', '$2a$10$oEYRIfxSXxl9FU5NfgoXte7Uvhj8XEfRkLWk7qXbsSOXUtRhMS2sK', 'customer', 1, '2026-06-14T15:27:54.000Z', '2026-06-14T15:27:54.000Z');
INSERT INTO "users" ("id", "phone", "email", "name", "password_hash", "role", "is_active", "created_at", "updated_at") VALUES ('e2160e19-99e7-4aac-a707-b036db7dcd40', '+916385685603', 'user_1781512146745@tnmarket.in', 'Tamil Nadu Customer', '$2a$10$jImRIWZ2Jzk4lnruA4E88.N3MwMQe.d1e5MIeHKzFhVBUkCNW/GKS', 'customer', 1, '2026-06-15T08:29:06.835Z', '2026-06-15T08:29:06.835Z');

-- Data for addresses
INSERT INTO "addresses" ("id", "user_id", "type", "address_line1", "address_line2", "landmark", "city", "district", "state", "pincode", "lat", "lng", "is_default", "created_at", "updated_at") VALUES ('d48b25e9-a7dc-4edf-9d05-c4a7060383ab', 'fdfb0273-9dab-4104-bc27-e30cc5181c5e', 'home', 'No. 42, Odin Salai', 'Loki LIC Building', 'Near Bifrost', 'Asgardsamudram', 'Tenkasi', 'Tamil Nadu', '627402', NULL, NULL, 1, '2026-06-14T11:44:10.931Z', '2026-06-14T11:44:10.931Z');
INSERT INTO "addresses" ("id", "user_id", "type", "address_line1", "address_line2", "landmark", "city", "district", "state", "pincode", "lat", "lng", "is_default", "created_at", "updated_at") VALUES ('b16c4648-9b9d-4af6-a2e6-88d25dd11b7d', 'fdfb0273-9dab-4104-bc27-e30cc5181c5e', 'work', 'No. 10, Bharathiyar Street', 'Near Town Hall', NULL, 'Tenkasi', 'Tenkasi', 'Tamil Nadu', '627808', NULL, NULL, 0, '2026-06-14T11:44:10.942Z', '2026-06-14T11:44:10.942Z');

-- Data for warehouses
INSERT INTO "warehouses" ("id", "name", "address_line1", "city", "state", "pincode", "is_active", "created_at", "updated_at") VALUES ('chennai-wh-1', 'Chennai Central Warehouse', '12, Poonamallee High Road', 'Chennai', 'Tamil Nadu', '600001', 1, '2026-06-14T11:44:10.876Z', '2026-06-14T11:44:10.876Z');
INSERT INTO "warehouses" ("id", "name", "address_line1", "city", "state", "pincode", "is_active", "created_at", "updated_at") VALUES ('tenkasi-wh-1', 'Tenkasi Hub Warehouse', '45, Kourtallam Road', 'Tenkasi', 'Tamil Nadu', '627402', 1, '2026-06-14T11:44:10.889Z', '2026-06-14T11:44:10.889Z');

-- Data for delivery_slots
INSERT INTO "delivery_slots" ("id", "warehouse_id", "pincodes", "delivery_date", "start_time", "end_time", "max_orders", "current_orders", "is_active", "created_at", "updated_at") VALUES ('b7765c2a-0b65-454a-acda-ca77fdcaa329', 'tenkasi-wh-1', '["627402","627808"]', '2026-06-13T18:30:00.000Z', '08:00 AM', '11:00 AM', 30, 0, 1, '2026-06-14T11:44:11.510Z', '2026-06-14T11:44:11.510Z');
INSERT INTO "delivery_slots" ("id", "warehouse_id", "pincodes", "delivery_date", "start_time", "end_time", "max_orders", "current_orders", "is_active", "created_at", "updated_at") VALUES ('98562363-088c-406f-932d-51e513e119a6', 'tenkasi-wh-1', '["627402","627808"]', '2026-06-13T18:30:00.000Z', '02:00 PM', '05:00 PM', 30, 0, 1, '2026-06-14T11:44:11.522Z', '2026-06-14T11:44:11.522Z');
INSERT INTO "delivery_slots" ("id", "warehouse_id", "pincodes", "delivery_date", "start_time", "end_time", "max_orders", "current_orders", "is_active", "created_at", "updated_at") VALUES ('69bc54b8-a2e9-45d9-bba0-cac8b2ba10b5', 'tenkasi-wh-1', '["627402","627808"]', '2026-06-13T18:30:00.000Z', '06:00 PM', '09:00 PM', 30, 0, 1, '2026-06-14T11:44:11.532Z', '2026-06-14T11:44:11.532Z');

-- Data for categories
INSERT INTO "categories" ("id", "name", "slug", "parent_id", "image", "tax_rate", "product_type", "is_active", "sort_order", "created_at", "updated_at") VALUES ('9c804f5a-f87d-42b0-9de8-ba45c4bd3d40', 'Fruits', 'fruits', NULL, NULL, 5, 'grocery', 1, 0, '2026-06-14T11:44:10.954Z', '2026-06-14T11:44:10.954Z');
INSERT INTO "categories" ("id", "name", "slug", "parent_id", "image", "tax_rate", "product_type", "is_active", "sort_order", "created_at", "updated_at") VALUES ('0f2ce1da-b73e-473a-afd6-70f79393c7bf', 'Fresh Vegetables', 'vegetables', NULL, NULL, 5, 'grocery', 1, 0, '2026-06-14T11:44:10.964Z', '2026-06-14T11:44:10.964Z');
INSERT INTO "categories" ("id", "name", "slug", "parent_id", "image", "tax_rate", "product_type", "is_active", "sort_order", "created_at", "updated_at") VALUES ('25f13235-dbcb-4058-9323-a21bbaa65e03', 'Dairy', 'dairy', NULL, NULL, 5, 'grocery', 1, 0, '2026-06-14T11:44:10.975Z', '2026-06-14T11:44:10.975Z');
INSERT INTO "categories" ("id", "name", "slug", "parent_id", "image", "tax_rate", "product_type", "is_active", "sort_order", "created_at", "updated_at") VALUES ('e1ee0541-4763-4cb1-a124-9f941ba05e8d', 'Staples', 'staples', NULL, NULL, 5, 'grocery', 1, 0, '2026-06-14T11:44:10.985Z', '2026-06-14T11:44:10.985Z');
INSERT INTO "categories" ("id", "name", "slug", "parent_id", "image", "tax_rate", "product_type", "is_active", "sort_order", "created_at", "updated_at") VALUES ('cb19e2c3-5c9d-46e3-a554-fd0031cefbcf', 'Medicines', 'medicines', NULL, NULL, 12, 'medical', 1, 0, '2026-06-14T11:44:10.997Z', '2026-06-14T11:44:10.997Z');
INSERT INTO "categories" ("id", "name", "slug", "parent_id", "image", "tax_rate", "product_type", "is_active", "sort_order", "created_at", "updated_at") VALUES ('b0907730-0e46-44c7-925a-15bd177509cc', 'Personal Care', 'personalcare', NULL, NULL, 18, 'grocery', 1, 0, '2026-06-14T11:44:11.008Z', '2026-06-14T11:44:11.008Z');

-- Data for products
INSERT INTO "products" ("id", "name", "slug", "description", "category_id", "brand", "hsn_code", "gst_percent", "mrp", "selling_price", "unit", "image_urls", "product_type", "requires_prescription", "is_perishable", "shelf_life_days", "storage_condition", "manufacturer", "country_of_origin", "is_active", "created_by", "created_at", "updated_at") VALUES ('3dcdb757-183c-4c75-875c-a695d9a249f1', 'Fresh Shimla Apple (Organic)', 'fresh-shimla-apple-organic', 'Premium quality Fresh Shimla Apple (Organic) from verified manufacturers. Aligns with standard medical and grocery parameters.', '9c804f5a-f87d-42b0-9de8-ba45c4bd3d40', 'Nilgiris Harvest', '07099900', 5, 200, 180, '1kg', '["https://images.unsplash.com/photo-1560806887-1e4cd0b6cbd6?auto=format&fit=crop&q=80&w=600"]', 'grocery', 0, 1, 5, 'ambient', 'Nilgiris Harvest', 'India', 1, 'ee923afb-8828-44b1-a192-fb498115ef85', '2026-06-14T11:44:11.019Z', '2026-06-14T11:44:11.019Z');
INSERT INTO "products" ("id", "name", "slug", "description", "category_id", "brand", "hsn_code", "gst_percent", "mrp", "selling_price", "unit", "image_urls", "product_type", "requires_prescription", "is_perishable", "shelf_life_days", "storage_condition", "manufacturer", "country_of_origin", "is_active", "created_by", "created_at", "updated_at") VALUES ('3439f5be-c346-4d90-a077-a943a55727b3', 'Onion', 'onion', 'Premium quality Onion from verified manufacturers. Aligns with standard medical and grocery parameters.', '0f2ce1da-b73e-473a-afd6-70f79393c7bf', 'Local Farms', '07099900', 5, 80, 72, '250g', '["https://images.unsplash.com/photo-1508747705-3de1b76db3a8?auto=format&fit=crop&q=80&w=600"]', 'grocery', 0, 1, 5, 'ambient', 'Local Farms', 'India', 1, 'ee923afb-8828-44b1-a192-fb498115ef85', '2026-06-14T11:44:11.061Z', '2026-06-14T11:44:11.061Z');
INSERT INTO "products" ("id", "name", "slug", "description", "category_id", "brand", "hsn_code", "gst_percent", "mrp", "selling_price", "unit", "image_urls", "product_type", "requires_prescription", "is_perishable", "shelf_life_days", "storage_condition", "manufacturer", "country_of_origin", "is_active", "created_by", "created_at", "updated_at") VALUES ('793761ba-3d50-4dcd-a0a7-3a4bcecd02db', 'Fresh Green Broccoli', 'fresh-green-broccoli', 'Premium quality Fresh Green Broccoli from verified manufacturers. Aligns with standard medical and grocery parameters.', '0f2ce1da-b73e-473a-afd6-70f79393c7bf', 'Ooty Farms', '07099900', 5, 95, 85, '500g', '["https://images.unsplash.com/photo-1584008272863-146c006770cf?auto=format&fit=crop&q=80&w=600"]', 'grocery', 0, 1, 5, 'ambient', 'Ooty Farms', 'India', 1, 'ee923afb-8828-44b1-a192-fb498115ef85', '2026-06-14T11:44:11.104Z', '2026-06-14T11:44:11.104Z');
INSERT INTO "products" ("id", "name", "slug", "description", "category_id", "brand", "hsn_code", "gst_percent", "mrp", "selling_price", "unit", "image_urls", "product_type", "requires_prescription", "is_perishable", "shelf_life_days", "storage_condition", "manufacturer", "country_of_origin", "is_active", "created_by", "created_at", "updated_at") VALUES ('1c08aca6-ece3-4d8d-80f1-e3e7c5ea3910', 'Local Hybrid Carrot', 'local-hybrid-carrot', 'Premium quality Local Hybrid Carrot from verified manufacturers. Aligns with standard medical and grocery parameters.', '0f2ce1da-b73e-473a-afd6-70f79393c7bf', 'Bio-Fresh', '07099900', 5, 80, 70, '1kg', '["https://images.unsplash.com/photo-1598170845058-32b9d6a5da37?auto=format&fit=crop&q=80&w=600"]', 'grocery', 0, 1, 5, 'ambient', 'Bio-Fresh', 'India', 1, 'ee923afb-8828-44b1-a192-fb498115ef85', '2026-06-14T11:44:11.149Z', '2026-06-14T11:44:11.149Z');
INSERT INTO "products" ("id", "name", "slug", "description", "category_id", "brand", "hsn_code", "gst_percent", "mrp", "selling_price", "unit", "image_urls", "product_type", "requires_prescription", "is_perishable", "shelf_life_days", "storage_condition", "manufacturer", "country_of_origin", "is_active", "created_by", "created_at", "updated_at") VALUES ('c245b319-86e2-477b-8e19-2233d822175f', 'Fresh Organic Milk', 'fresh-organic-milk', 'Premium quality Fresh Organic Milk from verified manufacturers. Aligns with standard medical and grocery parameters.', '25f13235-dbcb-4058-9323-a21bbaa65e03', 'Aavin', '07099900', 5, 60, 50, '500ml', '["https://images.unsplash.com/photo-1563636619-e9143da7973b?auto=format&fit=crop&q=80&w=600"]', 'grocery', 0, 1, 5, 'ambient', 'Aavin', 'India', 1, 'ee923afb-8828-44b1-a192-fb498115ef85', '2026-06-14T11:44:11.192Z', '2026-06-14T11:44:11.192Z');
INSERT INTO "products" ("id", "name", "slug", "description", "category_id", "brand", "hsn_code", "gst_percent", "mrp", "selling_price", "unit", "image_urls", "product_type", "requires_prescription", "is_perishable", "shelf_life_days", "storage_condition", "manufacturer", "country_of_origin", "is_active", "created_by", "created_at", "updated_at") VALUES ('c043932c-5099-4421-9ea5-3e0bd806bcf8', 'Organic Brown Rice', 'organic-brown-rice', 'Premium quality Organic Brown Rice from verified manufacturers. Aligns with standard medical and grocery parameters.', 'e1ee0541-4763-4cb1-a124-9f941ba05e8d', 'Bio-Fresh', '07099900', 5, 60, 54, '1kg', '["https://images.unsplash.com/photo-1586201375761-83865001e31c?auto=format&fit=crop&q=80&w=600"]', 'grocery', 0, 0, 5, 'ambient', 'Bio-Fresh', 'India', 1, 'ee923afb-8828-44b1-a192-fb498115ef85', '2026-06-14T11:44:11.236Z', '2026-06-14T11:44:11.236Z');
INSERT INTO "products" ("id", "name", "slug", "description", "category_id", "brand", "hsn_code", "gst_percent", "mrp", "selling_price", "unit", "image_urls", "product_type", "requires_prescription", "is_perishable", "shelf_life_days", "storage_condition", "manufacturer", "country_of_origin", "is_active", "created_by", "created_at", "updated_at") VALUES ('577b1676-ec96-4929-ae29-be07e9979997', 'Aachi Idly Podi', 'aachi-idly-podi', 'Premium quality Aachi Idly Podi from verified manufacturers. Aligns with standard medical and grocery parameters.', 'e1ee0541-4763-4cb1-a124-9f941ba05e8d', 'Aachi', '07099900', 5, 160, 20, '500g', '["https://images.unsplash.com/photo-1584008272863-146c006770cf?auto=format&fit=crop&q=80&w=600"]', 'grocery', 0, 0, 5, 'ambient', 'Aachi', 'India', 1, 'ee923afb-8828-44b1-a192-fb498115ef85', '2026-06-14T11:44:11.278Z', '2026-06-14T11:44:11.278Z');
INSERT INTO "products" ("id", "name", "slug", "description", "category_id", "brand", "hsn_code", "gst_percent", "mrp", "selling_price", "unit", "image_urls", "product_type", "requires_prescription", "is_perishable", "shelf_life_days", "storage_condition", "manufacturer", "country_of_origin", "is_active", "created_by", "created_at", "updated_at") VALUES ('28bc301f-4ce1-4ecc-95a4-319ff344fc58', 'Vitamin C Gummies', 'vitamin-c-gummies', 'Premium quality Vitamin C Gummies from verified manufacturers. Aligns with standard medical and grocery parameters.', 'cb19e2c3-5c9d-46e3-a554-fd0031cefbcf', 'Himalaya', '07099900', 12, 120, 108, '30 Tablets', '["https://images.unsplash.com/photo-1584017911766-d451b3d0e843?auto=format&fit=crop&q=80&w=600"]', 'medical', 0, 0, 5, 'ambient', 'Himalaya', 'India', 1, 'ee923afb-8828-44b1-a192-fb498115ef85', '2026-06-14T11:44:11.322Z', '2026-06-14T11:44:11.322Z');
INSERT INTO "products" ("id", "name", "slug", "description", "category_id", "brand", "hsn_code", "gst_percent", "mrp", "selling_price", "unit", "image_urls", "product_type", "requires_prescription", "is_perishable", "shelf_life_days", "storage_condition", "manufacturer", "country_of_origin", "is_active", "created_by", "created_at", "updated_at") VALUES ('7dffb5e1-ed87-4f73-8d33-b8ff2b6cd87f', 'Multi-Vitamin Complex (Gold)', 'multi-vitamin-complex-gold', 'Premium quality Multi-Vitamin Complex (Gold) from verified manufacturers. Aligns with standard medical and grocery parameters.', 'cb19e2c3-5c9d-46e3-a554-fd0031cefbcf', 'Cipla', '07099900', 12, 499, 499, '60 Capsules', '["https://images.unsplash.com/photo-1584308666744-24d5c474f2ae?auto=format&fit=crop&q=80&w=600"]', 'medical', 1, 0, 5, 'ambient', 'Cipla', 'India', 1, 'ee923afb-8828-44b1-a192-fb498115ef85', '2026-06-14T11:44:11.366Z', '2026-06-14T11:44:11.366Z');
INSERT INTO "products" ("id", "name", "slug", "description", "category_id", "brand", "hsn_code", "gst_percent", "mrp", "selling_price", "unit", "image_urls", "product_type", "requires_prescription", "is_perishable", "shelf_life_days", "storage_condition", "manufacturer", "country_of_origin", "is_active", "created_by", "created_at", "updated_at") VALUES ('4519e6df-742e-4498-9e36-433391f11a6b', 'Paracetamol 500mg Tablet', 'paracetamol-500mg-tablet', 'Premium quality Paracetamol 500mg Tablet from verified manufacturers. Aligns with standard medical and grocery parameters.', 'cb19e2c3-5c9d-46e3-a554-fd0031cefbcf', 'Cipla', '07099900', 12, 20, 15, '10 Strip', '["https://images.unsplash.com/photo-1584308666744-24d5c474f2ae?auto=format&fit=crop&q=80&w=600"]', 'medical', 0, 0, 5, 'ambient', 'Cipla', 'India', 1, 'ee923afb-8828-44b1-a192-fb498115ef85', '2026-06-14T11:44:11.417Z', '2026-06-14T11:44:11.417Z');
INSERT INTO "products" ("id", "name", "slug", "description", "category_id", "brand", "hsn_code", "gst_percent", "mrp", "selling_price", "unit", "image_urls", "product_type", "requires_prescription", "is_perishable", "shelf_life_days", "storage_condition", "manufacturer", "country_of_origin", "is_active", "created_by", "created_at", "updated_at") VALUES ('be31d9de-83c4-46d2-8fcc-1e2aebfef05a', 'Nivea Face Wash', 'nivea-face-wash', 'Premium quality Nivea Face Wash from verified manufacturers. Aligns with standard medical and grocery parameters.', 'b0907730-0e46-44c7-925a-15bd177509cc', 'Nivea', '07099900', 5, 250, 199, '150ml', '["https://images.unsplash.com/photo-1556228720-195a672e8a03?auto=format&fit=crop&q=80&w=600"]', 'grocery', 0, 0, 5, 'ambient', 'Nivea', 'India', 1, 'ee923afb-8828-44b1-a192-fb498115ef85', '2026-06-14T11:44:11.465Z', '2026-06-14T11:44:11.465Z');

-- Data for product_variants
INSERT INTO "product_variants" ("id", "product_id", "sku", "size", "price_override", "is_default", "created_at", "updated_at") VALUES ('03aaf0fd-28f0-4d63-9d10-c32788b024cd', '3dcdb757-183c-4c75-875c-a695d9a249f1', 'fresh-shimla-apple-organic-default', '1kg', NULL, 1, '2026-06-14T11:44:11.029Z', '2026-06-14T11:44:11.029Z');
INSERT INTO "product_variants" ("id", "product_id", "sku", "size", "price_override", "is_default", "created_at", "updated_at") VALUES ('4b0e52c0-36ed-46d1-86e3-6ee71aa35aec', '3439f5be-c346-4d90-a077-a943a55727b3', 'onion-default', '250g', NULL, 1, '2026-06-14T11:44:11.072Z', '2026-06-14T11:44:11.072Z');
INSERT INTO "product_variants" ("id", "product_id", "sku", "size", "price_override", "is_default", "created_at", "updated_at") VALUES ('d9f4af72-e2df-4cc0-98de-e8d479bd762d', '793761ba-3d50-4dcd-a0a7-3a4bcecd02db', 'fresh-green-broccoli-default', '500g', NULL, 1, '2026-06-14T11:44:11.115Z', '2026-06-14T11:44:11.115Z');
INSERT INTO "product_variants" ("id", "product_id", "sku", "size", "price_override", "is_default", "created_at", "updated_at") VALUES ('a8e830b9-0df2-4434-ae87-1e551dfe724d', '1c08aca6-ece3-4d8d-80f1-e3e7c5ea3910', 'local-hybrid-carrot-default', '1kg', NULL, 1, '2026-06-14T11:44:11.160Z', '2026-06-14T11:44:11.160Z');
INSERT INTO "product_variants" ("id", "product_id", "sku", "size", "price_override", "is_default", "created_at", "updated_at") VALUES ('b7239e39-4fc9-4576-8827-09651490f2c5', 'c245b319-86e2-477b-8e19-2233d822175f', 'fresh-organic-milk-default', '500ml', NULL, 1, '2026-06-14T11:44:11.203Z', '2026-06-14T11:44:11.203Z');
INSERT INTO "product_variants" ("id", "product_id", "sku", "size", "price_override", "is_default", "created_at", "updated_at") VALUES ('ec8e7491-11bf-4ffa-b16c-50b6daf0fb35', 'c043932c-5099-4421-9ea5-3e0bd806bcf8', 'organic-brown-rice-default', '1kg', NULL, 1, '2026-06-14T11:44:11.247Z', '2026-06-14T11:44:11.247Z');
INSERT INTO "product_variants" ("id", "product_id", "sku", "size", "price_override", "is_default", "created_at", "updated_at") VALUES ('03a46bdf-154b-4398-abff-b0a23c6198bf', '577b1676-ec96-4929-ae29-be07e9979997', 'aachi-idly-podi-default', '500g', NULL, 1, '2026-06-14T11:44:11.290Z', '2026-06-14T11:44:11.290Z');
INSERT INTO "product_variants" ("id", "product_id", "sku", "size", "price_override", "is_default", "created_at", "updated_at") VALUES ('6bde6d83-e66b-40ca-a2ff-60ba9a577cf3', '28bc301f-4ce1-4ecc-95a4-319ff344fc58', 'vitamin-c-gummies-default', '30 Tablets', NULL, 1, '2026-06-14T11:44:11.336Z', '2026-06-14T11:44:11.336Z');
INSERT INTO "product_variants" ("id", "product_id", "sku", "size", "price_override", "is_default", "created_at", "updated_at") VALUES ('a80114a0-0385-4baa-b2c8-3dffe36c4ad4', '7dffb5e1-ed87-4f73-8d33-b8ff2b6cd87f', 'multi-vitamin-complex-gold-default', '60 Capsules', NULL, 1, '2026-06-14T11:44:11.376Z', '2026-06-14T11:44:11.376Z');
INSERT INTO "product_variants" ("id", "product_id", "sku", "size", "price_override", "is_default", "created_at", "updated_at") VALUES ('b78fb616-bbd7-4090-b07b-323820734c4f', '4519e6df-742e-4498-9e36-433391f11a6b', 'paracetamol-500mg-tablet-default', '10 Strip', NULL, 1, '2026-06-14T11:44:11.430Z', '2026-06-14T11:44:11.430Z');
INSERT INTO "product_variants" ("id", "product_id", "sku", "size", "price_override", "is_default", "created_at", "updated_at") VALUES ('64d5a3a5-f34a-489d-9817-e1c340d0524c', 'be31d9de-83c4-46d2-8fcc-1e2aebfef05a', 'nivea-face-wash-default', '150ml', NULL, 1, '2026-06-14T11:44:11.477Z', '2026-06-14T11:44:11.477Z');

-- Data for inventory
INSERT INTO "inventory" ("id", "product_variant_id", "warehouse_id", "batch_no", "expiry_date", "quantity", "updated_at") VALUES ('bb574df4-247a-4db2-98d1-3ced0e1c2d91', '03aaf0fd-28f0-4d63-9d10-c32788b024cd', 'chennai-wh-1', 'B-STITCH-001', '2027-06-14T11:44:11.038Z', 200, '2026-06-14T11:44:11.040Z');
INSERT INTO "inventory" ("id", "product_variant_id", "warehouse_id", "batch_no", "expiry_date", "quantity", "updated_at") VALUES ('f87abc60-1d52-4b37-8d5d-949ec4a7ab40', '03aaf0fd-28f0-4d63-9d10-c32788b024cd', 'tenkasi-wh-1', 'B-STITCH-001', '2027-06-14T11:44:11.038Z', 200, '2026-06-14T11:44:11.050Z');
INSERT INTO "inventory" ("id", "product_variant_id", "warehouse_id", "batch_no", "expiry_date", "quantity", "updated_at") VALUES ('ec37222c-5fee-4b4a-8178-0e0a08b9fdbb', '4b0e52c0-36ed-46d1-86e3-6ee71aa35aec', 'chennai-wh-1', 'B-STITCH-001', '2027-06-14T11:44:11.081Z', 200, '2026-06-14T11:44:11.083Z');
INSERT INTO "inventory" ("id", "product_variant_id", "warehouse_id", "batch_no", "expiry_date", "quantity", "updated_at") VALUES ('375d1060-0e4c-4c5e-b65c-0b1819158211', '4b0e52c0-36ed-46d1-86e3-6ee71aa35aec', 'tenkasi-wh-1', 'B-STITCH-001', '2027-06-14T11:44:11.081Z', 200, '2026-06-14T11:44:11.094Z');
INSERT INTO "inventory" ("id", "product_variant_id", "warehouse_id", "batch_no", "expiry_date", "quantity", "updated_at") VALUES ('6a3934ff-e917-4d96-91b2-0d1a47a069e1', 'd9f4af72-e2df-4cc0-98de-e8d479bd762d', 'chennai-wh-1', 'B-STITCH-001', '2027-06-14T11:44:11.124Z', 200, '2026-06-14T11:44:11.125Z');
INSERT INTO "inventory" ("id", "product_variant_id", "warehouse_id", "batch_no", "expiry_date", "quantity", "updated_at") VALUES ('f9874b5a-23d9-4725-ae98-bc28c2db48da', 'd9f4af72-e2df-4cc0-98de-e8d479bd762d', 'tenkasi-wh-1', 'B-STITCH-001', '2027-06-14T11:44:11.124Z', 200, '2026-06-14T11:44:11.136Z');
INSERT INTO "inventory" ("id", "product_variant_id", "warehouse_id", "batch_no", "expiry_date", "quantity", "updated_at") VALUES ('8fdf9099-e20f-4230-9609-81a7c7976931', 'a8e830b9-0df2-4434-ae87-1e551dfe724d', 'chennai-wh-1', 'B-STITCH-001', '2027-06-14T11:44:11.169Z', 200, '2026-06-14T11:44:11.171Z');
INSERT INTO "inventory" ("id", "product_variant_id", "warehouse_id", "batch_no", "expiry_date", "quantity", "updated_at") VALUES ('efebd0f3-d033-4ff5-af63-85cc140aab30', 'a8e830b9-0df2-4434-ae87-1e551dfe724d', 'tenkasi-wh-1', 'B-STITCH-001', '2027-06-14T11:44:11.169Z', 200, '2026-06-14T11:44:11.181Z');
INSERT INTO "inventory" ("id", "product_variant_id", "warehouse_id", "batch_no", "expiry_date", "quantity", "updated_at") VALUES ('fa538e30-4fd4-4dd6-88fb-02a3a27a1add', 'b7239e39-4fc9-4576-8827-09651490f2c5', 'chennai-wh-1', 'B-STITCH-001', '2027-06-14T11:44:11.214Z', 200, '2026-06-14T11:44:11.215Z');
INSERT INTO "inventory" ("id", "product_variant_id", "warehouse_id", "batch_no", "expiry_date", "quantity", "updated_at") VALUES ('66eb1ffc-9d7c-4d4f-a838-0904606deca6', 'b7239e39-4fc9-4576-8827-09651490f2c5', 'tenkasi-wh-1', 'B-STITCH-001', '2027-06-14T11:44:11.214Z', 200, '2026-06-14T11:44:11.226Z');
INSERT INTO "inventory" ("id", "product_variant_id", "warehouse_id", "batch_no", "expiry_date", "quantity", "updated_at") VALUES ('8544dfc2-7bd9-4dd6-bc03-c4d7cd1444f7', 'ec8e7491-11bf-4ffa-b16c-50b6daf0fb35', 'chennai-wh-1', 'B-STITCH-001', '2027-06-14T11:44:11.256Z', 200, '2026-06-14T11:44:11.258Z');
INSERT INTO "inventory" ("id", "product_variant_id", "warehouse_id", "batch_no", "expiry_date", "quantity", "updated_at") VALUES ('5eb36803-53b0-45b4-bc00-07983e78195f', 'ec8e7491-11bf-4ffa-b16c-50b6daf0fb35', 'tenkasi-wh-1', 'B-STITCH-001', '2027-06-14T11:44:11.256Z', 200, '2026-06-14T11:44:11.268Z');
INSERT INTO "inventory" ("id", "product_variant_id", "warehouse_id", "batch_no", "expiry_date", "quantity", "updated_at") VALUES ('97d6a0d5-3431-4e82-abc3-9d934504c2a8', '03a46bdf-154b-4398-abff-b0a23c6198bf', 'chennai-wh-1', 'B-STITCH-001', '2027-06-14T11:44:11.298Z', 200, '2026-06-14T11:44:11.300Z');
INSERT INTO "inventory" ("id", "product_variant_id", "warehouse_id", "batch_no", "expiry_date", "quantity", "updated_at") VALUES ('0d73654a-127c-4548-b878-59ac60cda44c', '03a46bdf-154b-4398-abff-b0a23c6198bf', 'tenkasi-wh-1', 'B-STITCH-001', '2027-06-14T11:44:11.298Z', 200, '2026-06-14T11:44:11.311Z');
INSERT INTO "inventory" ("id", "product_variant_id", "warehouse_id", "batch_no", "expiry_date", "quantity", "updated_at") VALUES ('b70c0ebb-b319-486a-8bee-f310cf6acc8e', '6bde6d83-e66b-40ca-a2ff-60ba9a577cf3', 'chennai-wh-1', 'B-STITCH-001', '2027-06-14T11:44:11.344Z', 200, '2026-06-14T11:44:11.345Z');
INSERT INTO "inventory" ("id", "product_variant_id", "warehouse_id", "batch_no", "expiry_date", "quantity", "updated_at") VALUES ('7cc829be-5850-46ab-b10b-6b73e88d20dd', '6bde6d83-e66b-40ca-a2ff-60ba9a577cf3', 'tenkasi-wh-1', 'B-STITCH-001', '2027-06-14T11:44:11.344Z', 200, '2026-06-14T11:44:11.356Z');
INSERT INTO "inventory" ("id", "product_variant_id", "warehouse_id", "batch_no", "expiry_date", "quantity", "updated_at") VALUES ('d8801273-b8fe-42b8-ae09-ce6430991c45', 'a80114a0-0385-4baa-b2c8-3dffe36c4ad4', 'chennai-wh-1', 'B-STITCH-001', '2027-06-14T11:44:11.390Z', 200, '2026-06-14T11:44:11.391Z');
INSERT INTO "inventory" ("id", "product_variant_id", "warehouse_id", "batch_no", "expiry_date", "quantity", "updated_at") VALUES ('0683e3d5-8dff-404b-a5ba-e0cf83248dda', 'a80114a0-0385-4baa-b2c8-3dffe36c4ad4', 'tenkasi-wh-1', 'B-STITCH-001', '2027-06-14T11:44:11.390Z', 200, '2026-06-14T11:44:11.405Z');
INSERT INTO "inventory" ("id", "product_variant_id", "warehouse_id", "batch_no", "expiry_date", "quantity", "updated_at") VALUES ('7e4545cb-3e4b-4b40-90f5-420bff91938d', 'b78fb616-bbd7-4090-b07b-323820734c4f', 'chennai-wh-1', 'B-STITCH-001', '2027-06-14T11:44:11.441Z', 200, '2026-06-14T11:44:11.443Z');
INSERT INTO "inventory" ("id", "product_variant_id", "warehouse_id", "batch_no", "expiry_date", "quantity", "updated_at") VALUES ('7a0cabea-b839-40f1-95da-c4cbcc84f72d', 'b78fb616-bbd7-4090-b07b-323820734c4f', 'tenkasi-wh-1', 'B-STITCH-001', '2027-06-14T11:44:11.441Z', 200, '2026-06-14T11:44:11.453Z');
INSERT INTO "inventory" ("id", "product_variant_id", "warehouse_id", "batch_no", "expiry_date", "quantity", "updated_at") VALUES ('14f68e92-9126-4346-b664-fdc6dcc1bfc6', '64d5a3a5-f34a-489d-9817-e1c340d0524c', 'chennai-wh-1', 'B-STITCH-001', '2027-06-14T11:44:11.486Z', 200, '2026-06-14T11:44:11.487Z');
INSERT INTO "inventory" ("id", "product_variant_id", "warehouse_id", "batch_no", "expiry_date", "quantity", "updated_at") VALUES ('1a6d5555-b47a-4842-8107-2b9b0f594bbb', '64d5a3a5-f34a-489d-9817-e1c340d0524c', 'tenkasi-wh-1', 'B-STITCH-001', '2027-06-14T11:44:11.486Z', 200, '2026-06-14T11:44:11.499Z');

-- Data for pincode_serviceability
INSERT INTO "pincode_serviceability" ("id", "pincode", "warehouse_id", "delivery_charge", "estimated_delivery_days", "is_cod_available", "is_active") VALUES ('86cee83d-b0f1-4612-bdde-d3bc55a86115', '600001', 'chennai-wh-1', 30, 1, 1, 1);
INSERT INTO "pincode_serviceability" ("id", "pincode", "warehouse_id", "delivery_charge", "estimated_delivery_days", "is_cod_available", "is_active") VALUES ('2fce246f-8088-40da-b8b4-18652c110b9f', '627402', 'tenkasi-wh-1', 0, 1, 1, 1);
INSERT INTO "pincode_serviceability" ("id", "pincode", "warehouse_id", "delivery_charge", "estimated_delivery_days", "is_cod_available", "is_active") VALUES ('7b66df5d-2553-4110-b1a6-4bf973e0689a', '627808', 'tenkasi-wh-1', 30, 1, 1, 1);

-- Data for prescriptions
INSERT INTO "prescriptions" ("id", "user_id", "image_url", "doctor_name", "issue_date", "status", "admin_remarks", "reviewed_by", "uploaded_at", "reviewed_at") VALUES ('73fc78ec-b873-4c18-abc2-27f505462572', 'fdfb0273-9dab-4104-bc27-e30cc5181c5e', 'https://images.unsplash.com/photo-1584308666744-24d5c474f2ae?auto=format&fit=crop&q=80&w=200', 'Dr. Stephen Strange', '2026-06-13T18:30:00.000Z', 'approved', 'Verified by FreshMed Pharmacist', 'ee923afb-8828-44b1-a192-fb498115ef85', '2026-06-14T11:44:11.578Z', '2026-06-14T11:44:11.576Z');

-- Data for carts
INSERT INTO "carts" ("id", "user_id", "created_at", "updated_at") VALUES ('ca0d5e73-7cdd-4fd3-b75c-ce1023378232', 'fdfb0273-9dab-4104-bc27-e30cc5181c5e', '2026-06-14T11:44:11.542Z', '2026-06-14T11:44:11.542Z');
INSERT INTO "carts" ("id", "user_id", "created_at", "updated_at") VALUES ('e61807e6-16cd-4a04-b655-317ae4a0b832', '3e7e3839-4fc1-43d8-9fc0-68f958dfed11', '2026-06-14T11:45:09.373Z', '2026-06-14T11:45:09.373Z');
INSERT INTO "carts" ("id", "user_id", "created_at", "updated_at") VALUES ('c81b5919-f84c-4459-80dd-57aac59c0b6c', 'ecc1fa36-ffb5-48c9-9cd4-817fa623fe12', '2026-06-14T15:27:54.012Z', '2026-06-14T15:27:54.012Z');
INSERT INTO "carts" ("id", "user_id", "created_at", "updated_at") VALUES ('1d227abe-7d18-47e8-b84c-e7dcf09da3bf', 'e2160e19-99e7-4aac-a707-b036db7dcd40', '2026-06-15T08:29:06.871Z', '2026-06-15T08:29:06.871Z');

-- Data for cart_items
INSERT INTO "cart_items" ("id", "cart_id", "product_variant_id", "quantity", "added_at") VALUES ('0860e09d-dffd-40a9-8288-9cee58a71177', 'ca0d5e73-7cdd-4fd3-b75c-ce1023378232', 'a80114a0-0385-4baa-b2c8-3dffe36c4ad4', 1, '2026-06-14T11:44:11.554Z');
INSERT INTO "cart_items" ("id", "cart_id", "product_variant_id", "quantity", "added_at") VALUES ('61ea22df-4b2e-4efb-84a0-985ac7462aae', 'ca0d5e73-7cdd-4fd3-b75c-ce1023378232', '03aaf0fd-28f0-4d63-9d10-c32788b024cd', 2, '2026-06-14T11:44:11.564Z');

-- Data for orders
INSERT INTO "orders" ("id", "user_id", "address_id", "order_number", "status", "sub_total", "discount_amount", "tax_amount", "delivery_charge", "total", "payment_method", "payment_status", "prescription_id", "coupon_id", "delivery_slot_id", "notes", "created_at", "updated_at") VALUES ('41088661-5f8e-4057-9abe-f43cd84ab4a2', 'fdfb0273-9dab-4104-bc27-e30cc5181c5e', 'd48b25e9-a7dc-4edf-9d05-c4a7060383ab', 'BS-9918', 'delivered', 820, 80, 38.94, 0, 817.94, 'upi', 'success', '73fc78ec-b873-4c18-abc2-27f505462572', NULL, 'b7765c2a-0b65-454a-acda-ca77fdcaa329', 'Please leave near front gate.', '2026-06-12T11:44:11.587Z', '2026-06-14T11:44:11.590Z');

-- Data for order_items
INSERT INTO "order_items" ("id", "order_id", "product_variant_id", "product_name", "brand", "size", "hsn_code", "gst_percent", "quantity", "unit_price", "total_price", "created_at", "updated_at") VALUES ('3d3b03e6-1622-42b7-8107-e48a2660f645', '41088661-5f8e-4057-9abe-f43cd84ab4a2', 'a80114a0-0385-4baa-b2c8-3dffe36c4ad4', 'Multi-Vitamin Complex (Gold)', 'Cipla', '60 Capsules', '30049099', 12, 1, 499, 499, '2026-06-14T11:44:11.602Z', '2026-06-14T11:44:11.602Z');
INSERT INTO "order_items" ("id", "order_id", "product_variant_id", "product_name", "brand", "size", "hsn_code", "gst_percent", "quantity", "unit_price", "total_price", "created_at", "updated_at") VALUES ('27a8e27f-f460-47fa-9619-10508a45db04', '41088661-5f8e-4057-9abe-f43cd84ab4a2', '03aaf0fd-28f0-4d63-9d10-c32788b024cd', 'Fresh Shimla Apple (Organic)', 'Nilgiris Harvest', '1kg', '08081000', 5, 2, 180, 360, '2026-06-14T11:44:11.616Z', '2026-06-14T11:44:11.616Z');

-- Data for order_status_history
INSERT INTO "order_status_history" ("id", "order_id", "from_status", "to_status", "changed_by", "comment", "created_at") VALUES ('71d427eb-3102-442e-84d1-231aa5e5fb82', '41088661-5f8e-4057-9abe-f43cd84ab4a2', 'pending', 'delivered', 'ee923afb-8828-44b1-a192-fb498115ef85', 'Delivered by delivery agent Arjun K.', '2026-06-12T11:44:11.587Z');

-- Data for payments
INSERT INTO "payments" ("id", "order_id", "amount", "method", "transaction_id", "gateway", "status", "gateway_response", "created_at", "updated_at") VALUES ('73c09e55-bb9e-48ae-8d56-2a983601a796', '41088661-5f8e-4057-9abe-f43cd84ab4a2', 817.94, 'upi', 'TXN-PHNPE-8392193', 'razorpay', 'success', '{"status":"captured"}', '2026-06-14T11:44:11.626Z', '2026-06-14T11:44:11.626Z');

